{
  "years": [
    2006,
    2010,
    2015,
    2020
  ],
  "methods": [
    "Original",
    "Cluster",
    "GT",
    "HSS",
    "PLA",
    "Ours"
  ],
  "dimensions": [
    "Node Fraction",
    "Weight Entropy",
    "Weight Fraction",
    "LCC Size",
    "Reachability",
    "Sum Activity",
    "Similarity",
    "Value Entropy"
  ],
  "metrics": {
    "2006": {
      "Original": [
        0.9314540834124632,
        0.9235977187939183,
        0.8300791937431032,
        0.9013274167034617,
        0.8229523896279842,
        0.891561814021978,
        0.9631655731480712,
        0.8462529806809429
      ],
      "Cluster": [
        0.6574174770132764,
        0.7487319049486046,
        0.720691192172244,
        0.6817932697380524,
        0.6951573284501213,
        0.6389037768639669,
        0.6935054452519398,
        0.644557934831308
      ],
      "GT": [
        0.8086863403665059,
        0.8874777568652794,
        0.7939090664705428,
        0.6398723343820857,
        0.6841041627250547,
        0.824561875404914,
        0.8278126969835181,
        0.6745741491069467
      ],
      "HSS": [
        0.7951581706113062,
        0.6959722658607791,
        0.6681181645335148,
        0.7383765736907221,
        0.6278059773005165,
        0.7875655208554384,
        0.6937766312722446,
        0.823525256282976
      ],
      "PLA": [
        0.8587455845278761,
        0.7895866650856841,
        0.7437737671704573,
        0.6937059088093122,
        0.6987698264665592,
        0.7312196484501315,
        0.8149312891364054,
        0.706642714984221
      ],
      "Ours": [
        0.9110218154137679,
        0.9216867218991548,
        0.785447510799264,
        0.7783453093886361,
        0.8666384107024809,
        0.92510318585256,
        0.9650468571994504,
        0.8623348368627478
      ]
    },
    "2010": {
      "Original": [
        0.9445462075836646,
        0.9344935631116976,
        0.9062449440102881,
        0.9263009160532623,
        0.8828550665937459,
        0.850841279734485,
        1.0,
        0.8944839804987079
      ],
      "Cluster": [
        0.7799462580365579,
        0.8190764302419739,
        0.6343373482611674,
        0.58336088314862,
        0.7228600370554067,
        0.6603151163186276,
        0.662861531713299,
        0.7623206228524191
      ],
      "GT": [
        0.6506496073115737,
        0.8596352909684493,
        0.716950679083421,
        0.7756228265337916,
        0.715476311377706,
        0.8251872686591312,
        0.7790498893347068,
        0.8348995191571712
      ],
      "HSS": [
        0.8101383844226604,
        0.7595039148384707,
        0.8241511364932694,
        0.7510939721532713,
        0.6824435541751717,
        0.7093730415407005,
        0.7329309714265554,
        0.7464905213247003
      ],
      "PLA": [
        0.7834642471101617,
        0.8628181707029764,
        0.7673761852478453,
        0.8582570482031634,
        0.6496660096401832,
        0.866218630550296,
        0.8230789883451511,
        0.8240761855988512
      ],
      "Ours": [
        0.8331767891698048,
        0.9523189253816811,
        0.770497550273591,
        0.9224563032763132,
        0.8424632626105941,
        0.829363838175483,
        0.8918842429835321,
        0.7725393649034951
      ]
    },
    "2015": {
      "Original": [
        0.8626930296396892,
        0.8725577953581499,
        0.905975152554851,
        0.8058287935835207,
        0.8948374355091668,
        0.9537693472970898,
        0.9009241156900109,
        0.9337379740953311
      ],
      "Cluster": [
        0.7505498116157499,
        0.8418180769921405,
        0.7894980554465996,
        0.6719890324289985,
        0.6588167938924108,
        0.682554437670009,
        0.7678472162253944,
        0.763447067418965
      ],
      "GT": [
        0.834710256808679,
        0.835679875306759,
        0.8184220117946532,
        0.7995124969164857,
        0.6966011460898106,
        0.8245865307081519,
        0.7706484045549253,
        0.7590845268474602
      ],
      "HSS": [
        0.7434666162396579,
        0.7438970989443859,
        0.8166903515895054,
        0.7955525926894832,
        0.6563424230681988,
        0.6595631189081976,
        0.817963291875701,
        0.7554518689279213
      ],
      "PLA": [
        0.7373208953989555,
        0.8515659768985074,
        0.8575180775205121,
        0.7139885416477223,
        0.6932833441583592,
        0.7303271238110853,
        0.8393143137883026,
        0.8631160572172779
      ],
      "Ours": [
        0.7591770120700125,
        0.9107687550349054,
        0.9299507550489754,
        0.9233986080721965,
        0.8323546130957893,
        0.8375909269099928,
        0.9513623343145653,
        0.8752196624596625
      ]
    },
    "2020": {
      "Original": [
        0.8399154500131206,
        0.9146311645614483,
        0.9500497978707529,
        0.9442919451588583,
        0.9076037555437825,
        0.8932025959265044,
        0.8868493867528662,
        0.9823904202237035
      ],
      "Cluster": [
        0.6775809904622949,
        0.8260582180948179,
        0.6600523511916889,
        0.6735961701834041,
        0.5995409577688011,
        0.6886852731916424,
        0.8080749758732781,
        0.6776117563834633
      ],
      "GT": [
        0.6874737039883689,
        0.7733045816155143,
        0.8222696409136915,
        0.640686655213379,
        0.6350961399253386,
        0.7185124134432772,
        0.7719003794166677,
        0.8289439597568242
      ],
      "HSS": [
        0.7287139795061642,
        0.8618679972849042,
        0.7448827042615315,
        0.7065720687116966,
        0.6153259436883349,
        0.657390320240868,
        0.6992650820946075,
        0.6785418489452963
      ],
      "PLA": [
        0.7850018955769785,
        0.7689908795513486,
        0.8467224013089338,
        0.8409053158046571,
        0.6877681735688058,
        0.8183861169288609,
        0.7314830794631935,
        0.8234637449598975
      ],
      "Ours": [
        0.8068269274449681,
        0.8987498105245596,
        0.8704241892827723,
        0.8035352468226782,
        0.7487846480452547,
        0.8489157206815408,
        0.8887581687881853,
        0.957901584981261
      ]
    }
  }
}