{
  "years": [
    2006,
    2010,
    2015,
    2020
  ],
  "methods": [
    "Original",
    "Cluster",
    "GT",
    "HSS",
    "PLA",
    "Ours"
  ],
  "dimensions": [
    "Node Fraction",
    "Weight Entropy",
    "Weight Fraction",
    "LCC Size",
    "Reachability",
    "Sum Activity",
    "Similarity",
    "Value Entropy"
  ],
  "metrics": {
    "2006": {
      "Original": [
        0.8807210813422979,
        0.9643277325102844,
        0.9494597616112599,
        0.9627267510045115,
        0.7895552532781847,
        0.9790475850483182,
        0.939986747602794,
        0.9222170681132356
      ],
      "Cluster": [
        0.6594321607952771,
        0.7244396706735665,
        0.7935871787465618,
        0.6818718157155843,
        0.7093503246646554,
        0.7445849365373942,
        0.7518933236619268,
        0.6698736390963885
      ],
      "GT": [
        0.6554676822392589,
        0.8471515617151197,
        0.7544597471647511,
        0.6548076088519931,
        0.6531248118856459,
        0.744154342579203,
        0.8418518034130046,
        0.6921657276879938
      ],
      "HSS": [
        0.6342060975583207,
        0.7570979827161252,
        0.7020581559063249,
        0.7517665723970449,
        0.6472843611965095,
        0.6794382439750757,
        0.7859527748426689,
        0.7271556784817935
      ],
      "PLA": [
        0.7633310203151383,
        0.765051597809173,
        0.8015776779973686,
        0.7207950157552004,
        0.6770391698556439,
        0.7554711991857983,
        0.8196862267071974,
        0.73710106354826
      ],
      "Ours": [
        0.9009020208964709,
        0.8946914835556116,
        0.9605756357148957,
        0.752316993820134,
        0.7734401915778549,
        0.8865128307842645,
        0.8671661870409002,
        0.8971131659784234
      ]
    },
    "2010": {
      "Original": [
        0.9586739316115319,
        0.8797690739409714,
        1.0,
        0.783595578886491,
        0.9132042474822202,
        0.9907990898291712,
        0.8573067111185821,
        0.985483532357201
      ],
      "Cluster": [
        0.6702380330377979,
        0.8129480051354069,
        0.7376898064297687,
        0.64758657276426,
        0.6605218697506723,
        0.7189754190048828,
        0.7715782789745089,
        0.7604831187263266
      ],
      "GT": [
        0.7924681266108955,
        0.8878711934500714,
        0.7717957350943748,
        0.7292952565439418,
        0.7773276920048098,
        0.8339495918483593,
        0.890291502817794,
        0.7310978490014418
      ],
      "HSS": [
        0.6712078078818972,
        0.7900073435135807,
        0.8336024336748438,
        0.7139449322170894,
        0.7172775920075273,
        0.8135863026782355,
        0.7939637607967329,
        0.7837567731530357
      ],
      "PLA": [
        0.7487913973758674,
        0.8208978696724503,
        0.7304989695063547,
        0.7949676053568633,
        0.7880638136487939,
        0.8319295998768179,
        0.8725727927072109,
        0.7374586638557782
      ],
      "Ours": [
        0.7986260058400839,
        0.968700583723164,
        0.8978412433604624,
        0.8826606426788859,
        0.729982893119374,
        0.9147004646097905,
        0.8117732501683782,
        0.8566621501847571
      ]
    },
    "2015": {
      "Original": [
        0.8582398048244483,
        0.8928808813761498,
        0.9388157866748313,
        0.9228670435044739,
        0.8613166359361205,
        0.8114349421948932,
        0.9018500620257109,
        0.869425506370465
      ],
      "Cluster": [
        0.7636421745270043,
        0.7414844984547677,
        0.6942622623485752,
        0.7333411954735789,
        0.642713106756412,
        0.7635381838159242,
        0.7278101029425839,
        0.7314760474405424
      ],
      "GT": [
        0.8340638056228165,
        0.8737662360660087,
        0.6802348847202615,
        0.8060402164542052,
        0.748625556875948,
        0.7860666840208235,
        0.8920615047929115,
        0.8339131733365418
      ],
      "HSS": [
        0.6860130813806455,
        0.8428290982185151,
        0.8045969606964586,
        0.6787949001078483,
        0.6840056963222292,
        0.800575093805941,
        0.7357182224983364,
        0.6505276770431667
      ],
      "PLA": [
        0.7159552740060647,
        0.8706586822523745,
        0.8472170909075489,
        0.8355753032654567,
        0.737317038355694,
        0.7148696110439352,
        0.814826110560775,
        0.8023952840186829
      ],
      "Ours": [
        0.8484944252111647,
        0.9340286149055613,
        0.921843469988032,
        0.8345119855140517,
        0.8735789094763227,
        0.7877682147898106,
        0.8615255849838002,
        0.836768766971172
      ]
    },
    "2020": {
      "Original": [
        0.8068763262109593,
        0.9637712252105456,
        0.8307823855270234,
        0.8212607923396804,
        0.9365983386147594,
        0.810011045273396,
        0.8564251760923407,
        0.8358505109561657
      ],
      "Cluster": [
        0.7345964611820629,
        0.8450418294546967,
        0.6698100314083549,
        0.6335144864353862,
        0.5759315069525351,
        0.6437764242110908,
        0.7182159312846582,
        0.7760778965874957
      ],
      "GT": [
        0.7122408873488572,
        0.7724658954284471,
        0.8022926308132488,
        0.665471042363474,
        0.6831674069178496,
        0.7396486304852498,
        0.7531943997959091,
        0.6743389245061086
      ],
      "HSS": [
        0.8004429983229702,
        0.6913331394410243,
        0.6964354801484683,
        0.6827788279966102,
        0.5919672659900403,
        0.6548379831219923,
        0.8028001354599135,
        0.7664058448031389
      ],
      "PLA": [
        0.8395786922347647,
        0.8070855929566364,
        0.7505588638110214,
        0.8020317130806222,
        0.8226565390570068,
        0.6954336373109021,
        0.807099268277297,
        0.8219632690447112
      ],
      "Ours": [
        0.8208113041500995,
        0.8341735115601693,
        0.9029044522830312,
        0.8822172081402228,
        0.8712174172345915,
        0.8643189578530321,
        0.8703076865361108,
        0.783982192254182
      ]
    }
  }
}