{
  "years": [
    2006,
    2010,
    2015,
    2020
  ],
  "methods": [
    "Original",
    "Cluster",
    "GT",
    "HSS",
    "PLA",
    "Ours"
  ],
  "dimensions": [
    "Node Fraction",
    "Weight Entropy",
    "Weight Fraction",
    "LCC Size",
    "Reachability",
    "Sum Activity",
    "Similarity",
    "Value Entropy"
  ],
  "metrics": {
    "2006": {
      "Original": [
        0.9730012932932185,
        0.9211297429556489,
        0.8460569981607267,
        0.9457557872514147,
        0.8213396639837266,
        0.9976433706763956,
        0.9454372355815532,
        0.9986830073877804
      ],
      "Cluster": [
        0.7439245367457596,
        0.7882959421424751,
        0.6661465996384573,
        0.6728933543105116,
        0.617126788192354,
        0.7398625739681313,
        0.7274647711673368,
        0.7587427945525362
      ],
      "GT": [
        0.8346942658908173,
        0.7093409827112906,
        0.846971290568197,
        0.7433846690040574,
        0.7046416512208458,
        0.6529370554595576,
        0.7698422323743781,
        0.7481031714974243
      ],
      "HSS": [
        0.6569338553804848,
        0.7685951919634516,
        0.7527869718347533,
        0.7246989878379868,
        0.6419040434157658,
        0.7698259033346806,
        0.6756672748718674,
        0.6805556536350048
      ],
      "PLA": [
        0.7729526559961651,
        0.733730003382578,
        0.823536994595363,
        0.7915322719141251,
        0.7481574668947364,
        0.7601805198392726,
        0.7787514869636433,
        0.7740150543974554
      ],
      "Ours": [
        0.8746902246786841,
        0.9143131270635227,
        0.9505911094349442,
        0.8366067759780962,
        0.8236262079482893,
        0.9233375055112755,
        0.8572621347162833,
        0.7922844363929684
      ]
    },
    "2010": {
      "Original": [
        0.8252452443839509,
        0.8985732682550777,
        0.8548148002501692,
        0.8211352085500894,
        0.7626057812174294,
        0.8346678189726153,
        0.8615932596272099,
        0.9191701732210373
      ],
      "Cluster": [
        0.796043929932725,
        0.6944729299794911,
        0.7143077210564478,
        0.6740118615086006,
        0.6050835849739898,
        0.6284203195640521,
        0.8327641956779397,
        0.7104672358539221
      ],
      "GT": [
        0.674340569112415,
        0.8748084721566047,
        0.8165712866127931,
        0.7710633303676712,
        0.6787452639975813,
        0.773783397576995,
        0.8631619760374704,
        0.8333297950300916
      ],
      "HSS": [
        0.7502576442050544,
        0.7504077111610868,
        0.6676845790901302,
        0.6838910587722433,
        0.7574735124277269,
        0.6211397046457564,
        0.7172788172424013,
        0.6800932532987962
      ],
      "PLA": [
        0.812519627427222,
        0.7824301760317759,
        0.8958061940710177,
        0.6970438690258337,
        0.7463479630198443,
        0.8253302102925062,
        0.9040913254120466,
        0.8985971624587447
      ],
      "Ours": [
        0.8231703186398718,
        0.8955510349288492,
        0.8220795055588005,
        0.9286735158238114,
        0.829498335706027,
        0.9398030233611248,
        0.8715027246693988,
        0.960894721311915
      ]
    },
    "2015": {
      "Original": [
        0.9582867154624083,
        0.9696338898795334,
        1.0,
        0.8265341227391777,
        0.7708767391122537,
        0.8708167052134547,
        0.9039229070400041,
        0.8439548206062273
      ],
      "Cluster": [
        0.6765548008900482,
        0.8117723378429186,
        0.6234509791477516,
        0.6762195872810343,
        0.6842595940307359,
        0.6939005279290533,
        0.701037485325481,
        0.6639905437279057
      ],
      "GT": [
        0.7952048750008283,
        0.7795496038116155,
        0.7531007187968751,
        0.7629025581644566,
        0.7630136196908278,
        0.689505993067412,
        0.7161065540315517,
        0.7557258354699252
      ],
      "HSS": [
        0.6290594764657829,
        0.8496243655621231,
        0.729057876711071,
        0.6085225755920436,
        0.6361995277635177,
        0.7058438592435236,
        0.6887392325612965,
        0.7226020394247019
      ],
      "PLA": [
        0.8254454170984363,
        0.7856438103797826,
        0.7590740607164278,
        0.8104313191953381,
        0.7137797093278605,
        0.7029610421645167,
        0.9146674737700711,
        0.8159352242497792
      ],
      "Ours": [
        0.8930973775596152,
        0.986850671357248,
        0.94562323994962,
        0.880770726708844,
        0.8755729227176267,
        0.9177747279447016,
        0.8253625581515511,
        0.8889796862621181
      ]
    },
    "2020": {
      "Original": [
        0.8972621651193287,
        0.9615268967855228,
        0.8263839151001594,
        0.8951748748780577,
        0.9261601584048922,
        0.8762888883874079,
        0.9144335686983605,
        0.9684854219315694
      ],
      "Cluster": [
        0.6703120276466221,
        0.7335514141628676,
        0.7388506034447586,
        0.7429673125034859,
        0.6454909822425206,
        0.7829165054418814,
        0.767815135990583,
        0.792286544307533
      ],
      "GT": [
        0.6783392027168647,
        0.8188010949068673,
        0.7182305754157278,
        0.704709477108269,
        0.6186166176979743,
        0.8294926267552412,
        0.7506998068805858,
        0.7244206894248444
      ],
      "HSS": [
        0.6405970072607825,
        0.7074470510618555,
        0.6413427414594838,
        0.7680855491458933,
        0.5781271021020957,
        0.6404946408264371,
        0.8665083344433624,
        0.704403570517376
      ],
      "PLA": [
        0.7957936197223047,
        0.8682261603534972,
        0.7384876362983424,
        0.8252069122321356,
        0.7370477883020987,
        0.7615522682319119,
        0.8382066256464763,
        0.8792852654614544
      ],
      "Ours": [
        0.7611927113022641,
        0.9008226376557212,
        0.7897337776729665,
        0.8043636791386428,
        0.8209610365041673,
        0.7571558951032769,
        0.8471931227419509,
        0.8370805018528713
      ]
    }
  }
}